<?xml version="1.0" encoding="utf-8"?>
<odoo>
<data>

     <record id="budget_branch_manager_rule" model="ir.rule">
        <field name="name">Branch Access Manager</field>
        <field name="model_id" ref="model_crossovered_budget"/>
        <field name="domain_force">[(1,'=',1)]</field>
        <field name="groups" eval="[(4, ref('branch.group_branch_user_manager'))]"/>
    </record>

    <record id="budget_branch_user_rule" model="ir.rule">
        <field name="name">Branch Access User</field>
        <field name="model_id" ref="model_crossovered_budget"/>
        <field name="groups" eval="[(4, ref('branch.group_branch_user'))]"/>
        <field name="domain_force">['|', '|', ('branch_id','=',False),('branch_id','=',user.branch_id.id), ('branch_id','in',user.branch_ids.ids)]</field>
    </record>
    
    
    
    
    <record id="analytic_account_branch_manager_rule" model="ir.rule">
        <field name="name">Analytic Account Branch Access Manager</field>
        <field name="model_id" ref="model_account_analytic_account"/>
        <field name="domain_force">[(1,'=',1)]</field>
        <field name="groups" eval="[(4, ref('branch.group_branch_user_manager'))]"/>
    </record>

    <record id="analytic_account_branch_user_rule" model="ir.rule">
        <field name="name">Analytic Account Branch Access User</field>
        <field name="model_id" ref="model_account_analytic_account"/>
        <field name="groups" eval="[(4, ref('branch.group_branch_user'))]"/>
        <field name="domain_force">['|', '|', ('branch_id','=',False),('branch_id','=',user.branch_id.id), ('branch_id','in',user.branch_ids.ids)]</field>
    </record>
    
    
    
    
    <record id="analytic_account_line_branch_manager_rule" model="ir.rule">
        <field name="name">Analytic Line Branch Access Manager</field>
        <field name="model_id" ref="model_account_analytic_line"/>
        <field name="domain_force">[(1,'=',1)]</field>
        <field name="groups" eval="[(4, ref('branch.group_branch_user_manager'))]"/>
    </record>

    <record id="analytic_account_line_branch_user_rule" model="ir.rule">
        <field name="name">Analytic Line Branch Access User</field>
        <field name="model_id" ref="model_account_analytic_line"/>
        <field name="groups" eval="[(4, ref('branch.group_branch_user'))]"/>
        <field name="domain_force">['|', '|', ('branch_id','=',False),('branch_id','=',user.branch_id.id), ('branch_id','in',user.branch_ids.ids)]</field>
    </record>
    
    
    
    
    <record id="analytic_account_post_branch_manager_rule" model="ir.rule">
        <field name="name">Analytic Account Post Branch Access Manager</field>
        <field name="model_id" ref="model_account_budget_post"/>
        <field name="domain_force">[(1,'=',1)]</field>
        <field name="groups" eval="[(4, ref('branch.group_branch_user_manager'))]"/>
    </record>

    <record id="analytic_account_post_branch_user_rule" model="ir.rule">
        <field name="name">Analytic Account Post Branch Access User</field>
        <field name="model_id" ref="model_account_budget_post"/>
        <field name="groups" eval="[(4, ref('branch.group_branch_user'))]"/>
        <field name="domain_force">['|', '|', ('branch_id','=',False),('branch_id','=',user.branch_id.id), ('branch_id','in',user.branch_ids.ids)]</field>
    </record>
    
</data>
</odoo>