<?xml version="1.0" encoding="UTF-8"?>
<openerp>
    <data>

        <record id="group_zk_manager" model="res.groups">
            <field name="category_id" ref="base.module_category_human_resources"/>
            <field name="name">ZKteco manager</field>
            <field name="implied_ids" eval="[(4, ref('hr_attendance.group_hr_attendance_manager'))]"/>
        </record>

        <record id="group_zk_user" model="res.groups">
            <field name="category_id" ref="base.module_category_human_resources"/>
            <field name="name">ZKteco user</field>
            <field name="implied_ids" eval="[(4, ref('hr_attendance.group_hr_attendance_manager'))]"/>
        </record>

    </data>
</openerp>
