id,name,model_id/id,group_id/id,perm_read,perm_write,perm_create,perm_unlink
access_task_level_config,access.task.level.config,model_task_sla_level_config,project.group_project_manager,1,1,1,1
access_task_level_config_custom,access.task.level.config.custom,model_task_sla_level_config,base.group_user,1,0,0,0
access_task_level_config_line,access.task.level.config.line,model_task_sla_level_config_line,project.group_project_manager,1,1,1,1
access_task_level_config_line_custom,access.task.level.config.line.custom,model_task_sla_level_config_line,base.group_user,1,0,0,0
access_task_sla_rights,access.task.sla.right,model_task_sla_agreements,project.group_project_manager,1,1,1,1
access_task_sla_rights_custom,access.task.sla.right.custom,model_task_sla_agreements,base.group_user,1,0,0,0
access_task_sla_line_rights,access.task.sla.line.rights,model_task_sla_line,project.group_project_manager,1,1,1,1
access_task_sla_line_rights_custom,access.task.sla.line.rights.custom,model_task_sla_line,base.group_user,1,0,0,0
access_task_stage_history_rights,access.task.stage.history.rights,model_task_sla_stage_history,project.group_project_manager,1,1,1,1
access_task_stage_history_rights_custom,access.task.stage.history.rights.custom,model_task_sla_stage_history,project.group_project_user,1,1,1,0
access_task_sla_category_custom,access.task.sla.category.custom,model_task_sla_category_custom,project.group_project_manager,1,1,1,1
access_task_sla_category_custom_add,access.task.sla.category.custom.add,model_task_sla_category_custom,base.group_user,1,0,0,0