<?xml version="1.0" encoding="utf-8"?>
<odoo>
    <data noupdate="1">
        <record id="cash_forecast_categories_opening" model="setu.cash.forecast.categories">
            <field name="name">Opening</field>
            <field name="type">opening</field>
            <field name="is_group_for_opening">True</field>
            <field name="sequence">0</field>
        </record>

        <record id="cash_forecast_categories_income" model="setu.cash.forecast.categories">
            <field name="name">Income</field>
            <field name="type">income</field>
            <field name="is_group_for_opening">False</field>
            <field name="sequence">1</field>
        </record>

        <record id="cash_forecast_categories_expense" model="setu.cash.forecast.categories">
            <field name="name">Expenses</field>
            <field name="type">expense</field>
            <field name="is_group_for_opening">False</field>
            <field name="sequence">2</field>
        </record>

        <record id="cash_forecast_categories_net_forecasting" model="setu.cash.forecast.categories">
            <field name="name">Net Forecast</field>
            <field name="type">net_forecast</field>
            <field name="is_group_for_opening">False</field>
            <field name="sequence">3</field>
        </record>

        <record id="cash_forecast_categories_closing" model="setu.cash.forecast.categories">
            <field name="name">Closing</field>
            <field name="type">closing</field>
            <field name="is_group_for_opening">False</field>
            <field name="sequence">100</field>
        </record>

<!--        <function name="create_default_forecast_type" model="setu.cash.forecast.type"/>-->

<!--        <record id="cash_forecast_type_opening" model="setu.cash.forecast.type">-->
<!--            <field name="name">Type Opening</field>-->
<!--            <field name="type">opening</field>-->
<!--            <field name="cash_forecast_category_id" ref="setu_cash_flow_forecasting.cash_forecast_categories_opening"/>-->
<!--            <field name="company_id" ref="base.main_company"/>-->
<!--            <field name="sequence">0</field>-->
<!--            <field name="account_ids" model="account.account" eval="[(6, 0, obj().search([-->
<!--            '|', ('user_type_id.name', 'ilike', 'Bank'), ('user_type_id.name', 'ilike', 'Cash') ]).ids)]"/>-->
<!--        </record>-->

<!--        <record id="cash_forecast_type_closing" model="setu.cash.forecast.type">-->
<!--            <field name="name">Type Closing</field>-->
<!--            <field name="type">closing</field>-->
<!--            <field name="cash_forecast_category_id" ref="setu_cash_flow_forecasting.cash_forecast_categories_closing"/>-->
<!--            <field name="company_id" ref="base.main_company"/>-->
<!--            <field name="sequence">100</field>-->
<!--            <field name="account_ids" eval="[(4, ref('base.user_root')), (4, ref('base.user_admin'))]"/>-->
<!--            <field name="account_ids" model="account.account" eval="[(6, 0, obj().search([-->
<!--            '|', ('user_type_id.name', 'ilike', 'Bank'), ('user_type_id.name', 'ilike', 'Cash') ]).ids)]"/>-->
<!--        </record>-->

    </data>
</odoo>