<?xml version="1.0" encoding="utf-8"?>
<odoo>
    <data noupdate="1">
        <record id="setu_cash_forecast_actual_value_cron" model="ir.cron">
            <field name="name">Cash Forecast Real Value</field>
            <field eval="False" name="active"/>
            <field name="user_id" ref="base.user_root"/>
            <field name="interval_number">1</field>
            <field name="interval_type">days</field>
            <field name="numbercall">-1</field>
            <field name="model_id" ref="model_setu_cash_forecast"/>
            <field name="state">code</field>
            <field name="code">model.get_real_values()</field>
        </record>
    </data>
</odoo>