<?xml version="1.0" encoding="utf-8" ?>
<odoo>

    <record id="category_setu_cash_flow_forecasting" model="ir.module.category">
        <field name="name">Cash Forecasting</field>
            <field name="parent_id" ref="base.module_category_accounting"/>
    </record>

    <record id="group_setu_cash_flow_forecasting_user" model="res.groups">
        <field name="name">User</field>
        <field name="category_id" ref="category_setu_cash_flow_forecasting"/>
    </record>

    <record id="group_setu_cash_flow_forecasting_manager" model="res.groups">
        <field name="name">Manager</field>
        <field name="category_id" ref="category_setu_cash_flow_forecasting"/>
        <field name="implied_ids" eval="[(4, ref('group_setu_cash_flow_forecasting_user'))]"/>
        <field name="users" eval="[(4, ref('base.user_root')),(4, ref('base.user_admin'))]"/>
    </record>

    <data noupdate="1">
        <record id="record_rule_cash_forecast_company" model="ir.rule">
            <field name="name">Setu Cash Forecast Company</field>
            <field ref="model_setu_cash_forecast" name="model_id"/>
            <field eval="True" name="global"/>
            <field name="domain_force">[('company_id', 'in', [False] + company_ids)]</field>
        </record>

        <record id="record_rule_cash_forecast_type_company" model="ir.rule">
            <field name="name">Setu Cash Forecast Type Company</field>
            <field ref="model_setu_cash_forecast_type" name="model_id"/>
            <field eval="True" name="global"/>
            <field name="domain_force">[('company_id', 'in', [False] + company_ids)]</field>
        </record>

        <record id="record_rule_cash_forecast_report_company" model="ir.rule">
            <field name="name">Setu Cash Forecast report Company</field>
            <field ref="model_setu_cash_forecast_report" name="model_id"/>
            <field eval="True" name="global"/>
            <field name="domain_force"></field>
        </record>
    </data>
</odoo>
