id,name,model_id/id,group_id/id,perm_read,perm_write,perm_create,perm_unlink
access_survey_whatsapp,access.survey.whatsapp,model_survey_whatsapp,base.group_user,1,1,1,1
access_configuration_manager_whatsapp_user,access.configuration.manager.whatsapp.user,model_configuration_manager,survey_whatsapp_integration.survey_whatsapp_integration_group_user,1,1,1,1
access_whatsapp_authenticate_whatsapp_user,access.whatsapp.authenticate.whatsapp.user,model_whatsapp_authenticate,survey_whatsapp_integration.survey_whatsapp_integration_group_user,1,1,1,1
access_whatsapp_message_whatsapp_user,access.whatsapp.message.whatsapp.user,model_whatsapp_message,survey_whatsapp_integration.survey_whatsapp_integration_group_user,1,1,1,1
