<?xml version="1.0" encoding="utf-8"?>
<odoo>
    <record id="portal_approval_own_request" model="ir.rule">
        <field name="name">Approval Request: Own Document </field>
        <field name="model_id" ref="model_approval_request"/>
        <field name="domain_force">[('request_owner_id', '=', user.id)]</field>
        <field name="groups" eval="[(4, ref('base.group_portal'))]"/>
        <field name="perm_read" eval="True"/>
        <field name="perm_write" eval="True"/>
        <field name="perm_create" eval="True"/>
        <field name="perm_unlink" eval="False"/>
        <field name="active" eval="True"/>
    </record>

    <record id="portal_approval_own_request" model="ir.rule">
        <field name="name">Approval Category: Show in Portal </field>
        <field name="model_id" ref="model_approval_category"/>
        <field name="domain_force">[('show_in_portal', '=', True)]</field>
        <field name="groups" eval="[(4, ref('base.group_portal'))]"/>
        <field name="perm_read" eval="True"/>
        <field name="perm_write" eval="False"/>
        <field name="perm_create" eval="False"/>
        <field name="perm_unlink" eval="False"/>
        <field name="active" eval="True"/>
    </record>

</odoo>
