<odoo>


    <data noupdate="1">
    
	    <record id="purchase_validation_status_send" model="base.automation">
	        <field name="name">Purchase Validate Notification by Whatsapp</field>
	        <field name="model_id" ref="purchase.model_purchase_order"/>
	        <field name="trigger">on_write</field>
	        <field name="active" eval="True"/>
	        <field name="filter_pre_domain">[["state","=","draft"]]</field>
	        <field name="filter_domain">[["state","=","purchase"]]</field>
	        <field name="state">code</field>
	        <field name="code">record.send_whatsapp_automatic()</field>
	    </record>
	
	    <record id="purchase_validate_status" model="mail.template">
	        <field name="name">Purchase: Confirm Order</field>
	        <field name="subject">Purchase Confirm</field>
	        <field name="model_id" ref="purchase.model_purchase_order"/>
	        <field name="body_html" type="html">
	<div style="margin: 0px; padding: 0px;">
	    <p style="margin: 0px; padding: 0px; font-size: 13px;">
	        Hello, <t t-out="object.partner_id.name or ''"></t>
	        <br/><br/>
	        Your Purchase Order <t t-out="name or ''"></t> 
	        amounting in <strong t-out="format_amount(object.amount_total, object.currency_id) or ''">$ 10.00</strong> is Confirmed
	        <br/><br/>
	        Kindly refer below link for order receipt.
	        <br/>
	    </p>
	</div>
	            </field>
	    </record>
	    
	    <record id="purchase_validate_multi" model="mail.template">
	        <field name="name">Purchase: Confirm Multi</field>
	        <field name="subject">Purchase Multi</field>
	        <field name="model_id" ref="purchase.model_purchase_order"/>
	        <field name="body_html" type="html">
	<div style="margin: 0px; padding: 0px;">
	    <p style="margin: 0px; padding: 0px; font-size: 13px;">
	        Hello, *_PARTNER_*,
	        <br/><br/>
	        Your Purchase Order _NUMBER_ amount _AMOUNT_TOTAL_ is Confirmed.
	        <br/><br/>
	        Kindly refer below link for order receipt.
	        <br/>
	    </p>
	</div>
	            </field>
	    </record>
	    
	</data>
</odoo>
