<odoo>
   <data >
       <!--Email template -->
       <record id="approval_payment_created_email" model="mail.template">
           <field name="name">Approval Payment Created</field>
           <field name="model_id" ref="account.model_account_payment"/>
           <field name="auto_delete" eval="True"/>
           <field name="email_from">{{ (object.company_id.email) }}</field>
           <field name="email_to">{{ (object.create_uid.email) }}</field>
           <field name="subject">Payment Request</field>
           <field name="body_html" type="html">
                <p>
                    Dear,
                    A payment request was approved, hence a draft payment was created.
                    Please review the payment with the id <span style="font-weight:bold;"><t t-out="object.id"/></span>
                 </p>
           </field>
       </record>
   </data>
</odoo>